track,order,tempo_bpm,beats,onset_env_mean,mfcc_mean,mfcc_std,mfcc_max,centroid_mean,centroid_std,centroid_max,bandwidth_mean,bandwidth_std,bandwidth_max,rms_mean,rms_std,rms_max,danceability,key_strength,inharmonicity,tempo_rnn,downbeat_conf,pitch_std,drum_rms,beat_fscore,spec_rough,spec_flat,vgg0,vgg1,vgg2,vgg3,vgg4,vgg5,vgg6,vgg7,vgg8,vgg9,vgg10,vgg11,vgg12,vgg13,vgg14,vgg15,vgg16,vgg17,vgg18,vgg19,vgg20,vgg21,vgg22,vgg23,vgg24,vgg25,vgg26,vgg27,vgg28,vgg29,vgg30,vgg31,vgg32,vgg33,vgg34,vgg35,vgg36,vgg37,vgg38,vgg39,vgg40,vgg41,vgg42,vgg43,vgg44,vgg45,vgg46,vgg47,vgg48,vgg49,vgg50,vgg51,vgg52,vgg53,vgg54,vgg55,vgg56,vgg57,vgg58,vgg59,vgg60,vgg61,vgg62,vgg63,vgg64,vgg65,vgg66,vgg67,vgg68,vgg69,vgg70,vgg71,vgg72,vgg73,vgg74,vgg75,vgg76,vgg77,vgg78,vgg79,vgg80,vgg81,vgg82,vgg83,vgg84,vgg85,vgg86,vgg87,vgg88,vgg89,vgg90,vgg91,vgg92,vgg93,vgg94,vgg95,vgg96,vgg97,vgg98,vgg99,vgg100,vgg101,vgg102,vgg103,vgg104,vgg105,vgg106,vgg107,vgg108,vgg109,vgg110,vgg111,vgg112,vgg113,vgg114,vgg115,vgg116,vgg117,vgg118,vgg119,vgg120,vgg121,vgg122,vgg123,vgg124,vgg125,vgg126,vgg127,rms_halfspeed,pitch_jitter,popularity,duration_min
All You Had To Do Was Stay (Taylor's Version).wav,1,95.703125,47,0.786102653,1.709581733,37.85606003,87.457901,1706.500457,251.0596819,2519.060704,1544.332718,95.50270879,1911.950624,0.159785762,0.036539473,0.2503196,1.028417945,0.967406273,0.27736935,97.50884434,0.946902136,173.3243151,0.015817292,0.803921569,122796.7953,0.028057819,190.1699,16.757282,152.80096,130.64563,205.64078,96.048546,107.56311,63.92233,116.543686,127.160194,150.70874,81.25728,171.18932,153.28156,80.21359,57.96602,146.96117,138.52428,109.96602,171.56796,65.898056,239.9903,83.38349,91.87379,47.441746,188.14563,175.56311,141.62622,160.57281,155.75243,127.48058,148.62622,111.660194,132.5097,90.62621,122.40777,138.93204,128.05339,165.5,74.88349,177.98544,182.46602,55.936893,163.35437,150.25243,146.17961,127.71359,123.985435,60.00971,146.79611,164.15048,77.597084,103.53883,148.67961,99.56311,123.072815,183.99515,55.247574,93.93689,177.83495,207.08737,133.15048,67.93689,184.7136,178.73787,160.02428,213.06311,82.81068,122.91262,130.95146,132.47572,121.305824,197.8835,180.04369,50.072815,149.08252,139.96602,216.97087,158.84952,87.305824,77.27184,173.56796,209.63107,189.23787,94.97573,119.66991,157.2136,222.88835,147.64563,135.58737,120.47573,80,114.631065,193.37865,72.99515,144.78156,39.461166,55.58738,218.26698,125.69903,190.81068,71.776695,158.08737,41.76699,45.388348,215.97087,165.7136,228.92233,181.80583,194.2864,82.305824,222.33981,87.635925,117.20874,141.06311,151.42233,116.40777,136.06311,127.24272,149.6165,182.15048,175.07767,118.398056,126.26214,218.76698,69.91262,108.18932,255,0.065183423,26.72012085,69,3.22
Bad Blood (Taylor's Version).wav,2,86.1328125,41,0.948899865,-2.082612276,55.05608749,135.3374634,1433.48827,457.9256447,2930.964481,1377.674212,158.8901883,1899.023331,0.123227857,0.052250016,0.256857008,1.233232856,0.973975003,0.270774513,84.72079918,0.96777232,109.981988,0.014430614,0.965058236,131471.7697,0.028801803,189.94221,16.217777,146.95111,138.34222,211.95555,93.22667,103.10667,67.92889,120.53778,114.49333,163.95111,59.204445,201.2,126.524445,80.53333,71.36,117.07111,147.96445,129.54666,201.82222,80.94222,235.09334,98.87111,101.91556,54.76889,163.29778,159.76445,159.77333,174.3689,128.55112,161.71556,154.07556,95.475555,125.08444,49.982224,112.95556,134.73778,140.10222,160.27112,103.54667,169.33778,182.08444,41.515556,169.65778,142.4,126.32,113,99.67555,47.142223,148.87111,145.28444,70.23111,103.64889,143.44,70.937775,136.99556,163.26666,35.07111,100.52889,153.32445,212.52444,126.21333,88.48,161.60889,195.85777,131.66222,220.07556,57.102222,112.54222,104.884445,137.38222,174.0089,189.36,190.61333,82.337776,147.64444,119.702225,185.56444,154.62666,95.31555,75.253334,167.12,234.02667,158.86667,91.653336,141.24889,143.63556,226.39111,148.9289,166.08,62.92889,99.89778,121.248886,210.55112,45.746666,157.62222,31.92,25.346666,223.16,111.64,226.14223,50.99111,189.74222,91.164444,43.27111,205.60889,156.97778,224.74667,192.39555,206.44444,147.13333,227.72444,104.03555,96.32,77.924446,114.746666,144.09778,172.19112,78.075554,146.00444,139.84445,122.58222,112.67555,149.95555,241.04889,83.46667,137.52888,255,0.060511019,26.27353723,69,3.52
Blank Space (Taylor's Version).wav,3,95.703125,45,0.972646058,-5.534918785,53.01252365,128.9890442,1649.433701,462.3123293,3268.050863,1459.108089,152.6029831,2098.608814,0.109812945,0.052945029,0.257511526,1.374533296,0.947158813,0.254817605,95.703125,0.960540576,59.73596909,0.028383724,0.966442953,161902.8439,0.026990106,189.6504,13.138211,140.82927,138.80081,210.89024,101.349594,96.243904,65.308945,125.26423,111.88618,166.82927,57.96748,201.45935,119.95935,69.74797,66.28049,125.808945,146.7683,135.20325,191.0813,89.243904,239.47562,102.085365,103.41057,53.86179,161.86586,162.64227,140.64635,175.82927,112.89024,171.60976,161.91463,98.67073,115.38618,48.80488,110.5813,122.48374,128.7561,167.39838,96.92277,160.46341,190.75203,62.674797,158.98781,153.72357,113.97561,110.81301,95.88618,44.365852,151.88211,152.72765,72.256096,122.47561,141.47154,66.43496,127.243904,160.64635,36.085365,84.98781,158.80487,223.30081,122.191055,107.19919,189.18292,187.90651,115.85366,231.99187,60.569107,114.76423,105.94715,133.09756,159.10976,189.55284,181.21545,76.638214,147.06505,124.38618,195.70325,145.86179,88.23984,60.569107,171.58943,244.53659,162.36179,70.00813,151.28455,144,241.29268,167.97562,197.01627,64.85366,106.72358,120.89838,191.70325,31.829268,158.92276,21.556911,27.670732,239.27235,123.662605,206.49187,30.430895,176.08537,89.97561,47.052845,220.36992,167.54878,237.93495,194.2561,217.13414,156.47968,216.60976,130.59756,77.532524,62.3374,152.39024,156.52846,149.55284,67.15854,176.6626,146.52846,171.65854,58.39431,178.86992,241.8496,70.849594,137.7439,255,0.064533904,29.07085674,76,3.86
Clean (Taylor's Version).wav,4,103.359375,48,0.88881135,0.546280146,58.80659485,169.9937134,1021.31246,243.3506472,1662.495667,1214.699822,159.4277418,1750.212801,0.145391971,0.032973003,0.24258551,1.159742355,0.941606998,0.19025673,103.359375,0.973594333,61.20950626,0.008373289,0.928034372,98154.07428,0.024081822,187.58333,13.788195,158.05556,112.53472,207.32986,99.670135,144.84723,101.27778,117.072914,124.72569,146.48611,88.78472,176.60417,168.70139,83.64931,94.510414,126.704865,147.46527,114.25694,158.94792,43.29514,217.83333,90.15278,86.91319,54.569443,127.548615,169.19792,180.67361,169.00348,132.98264,125.78125,158.3125,106.15972,126.40625,69.454865,120.40278,117.291664,109.486115,161.5868,117.270836,132.17014,198.92708,63.336807,183.00694,139.8507,159.15277,102.795135,123.27778,62.45486,140.30902,132.27777,79.53125,99.048615,178.33333,125.91319,117.77778,159.40625,22.958334,146.44444,188.70833,203.3507,149.39583,57.15625,196.0243,196.67014,173.5243,167.54514,97.84028,146.99306,87.97569,140.69098,170.55208,220.87848,177.54167,72.392365,109.607635,125.760414,200.62848,123.93403,82.13194,134.66667,191.34723,220.76389,148.20833,76.62153,145.45139,149.45139,217.9618,163.98958,100.93056,100.68056,116.25694,140.15973,203.27777,67.197914,166.06598,52.430557,32.52778,201.98264,124.489586,186.86458,95.357635,164.44098,85.22222,60.88889,184.35764,159.8125,238.29167,211.03473,184.55556,61.78125,201.6493,68.00347,73.614586,137.21527,149.32986,114.892365,102.927086,53.927082,101.958336,198.3507,173.70139,75.27778,106.541664,203.69098,41.37153,71.625,255,0.06354858,12.41633022,72,4.52
How You Get The Girl (Taylor's Version).wav,5,117.4538352,45,0.93203932,-4.517049313,49.38175201,119.4183807,1681.249793,347.2248801,3305.684118,1427.016615,118.3634633,1763.385433,0.123994783,0.055187725,0.227540821,1.119944334,0.929654181,0.206391603,120.1853198,0.974989507,56.52225743,0.016681142,0.963414634,94729.71184,0.027242145,189.42586,15.387833,152.17871,131.81749,204.96577,93.55513,109.31179,65.44487,119.92776,102.988594,136.55893,79.25475,168.88213,148.9962,73.456276,61.85171,150.25475,149.58936,105.55133,162.327,67.13688,240.53992,88.4981,96.34601,47.741444,171.95058,173.14449,129.46008,162.18631,129.82509,136.36122,159.58936,100.011406,132.39543,72.80608,112.357414,124.63118,131.45247,173.14828,62.38023,165.06844,177.66159,50.889732,155.13309,157.45627,134.3232,126.06844,118.90114,53.6692,142.34981,152.52852,88.69962,105.65019,157.97719,97.42966,114.45247,176.34601,56.954372,73.57034,177.52092,216.87833,156.80228,73.543724,204.54753,204.18251,154.5133,210.70723,65.228134,142.26616,112.84791,124.988594,138.10266,202.02661,173.21292,65.68441,114.11027,120.9962,224.97719,165.09125,67.52852,73.038025,168.13309,207.61217,184.14828,68.87833,125.224335,144.14069,219.65779,175.63498,142.3346,94.463875,74.882126,137.76045,186.64258,83.92396,158.3346,38.22053,72.14829,226.8403,135.62358,185.88974,43.46388,145.09886,71.04943,30.80228,203.80989,163.81749,237.61597,168.6692,200.09506,101.45247,211.80228,64.15209,123.06084,111.36121,156.30418,152.35742,132.24335,97.85171,149.9924,198.05704,191.47148,104.460075,150.85551,224.22433,76.52852,103.463875,255,0.067280516,30.23055535,67,4.13
I Know Places (Taylor's Version).wav,6,161.4990234,78,0.84889096,-2.471089602,46.17566681,116.9370422,1473.949158,293.5419826,2722.612138,1379.951796,119.3401688,1854.452813,0.126414478,0.042041555,0.236618444,1.155436516,0.833315909,0.220112309,161.4990234,0.976469571,98.55791965,0.01606334,0.743259086,115316.3897,0.027785007,190.6842,15.4258375,151.98087,126.65072,208.40192,88.253586,125.239235,83.56459,109.79426,97.660286,124.87081,62.4689,188.38278,169.0287,70.5933,86.63636,139.30621,159.03828,107.382774,155.4689,65.75598,231.61244,101.48325,84.545456,37.31579,140.44019,157.88516,147.13876,167.98087,122.37799,142.21053,169.78468,108.11961,120.39713,46.114834,115.44976,120.30622,120.00957,183.98087,97.89474,144.54066,172.51674,48.31579,162.99043,141.34929,131.17703,111.0622,103.22009,33.708134,147.77034,147.39235,69.08612,106.23445,161.55502,82.61244,131.35886,163.95694,43.00957,82.574165,173.7177,210.83733,164.04785,75.066986,200.62201,179.60765,143.22966,192.2823,73.1579,137.32057,91.86603,115.48804,156.19139,207.48804,170.09091,87.8421,73.933014,118.97129,223.66507,145.40192,59.8756,73.43541,185.5311,223.04785,163.10527,67.08134,143.32057,156.77512,228.8469,177.57416,139.5024,67.14832,98.11483,155.38278,182.95215,66.84689,210.82297,55.69378,32.062202,204.51674,156,190.90431,56.162678,169.92345,114.497604,52.25359,199.87082,159.57895,218.60765,183.91866,184.42584,84.44976,205.81818,70.79426,94.4689,133.62201,137.75598,184.05742,110.210526,45.736843,132.90431,199.42584,199.83733,101.90909,161.96172,222.85167,81.52153,100.61244,255,0.066514336,15.91818824,67,3.26
I Wish You Would (Taylor's Version).wav,7,117.4538352,59,0.692918599,-0.271194875,41.7253952,94.33571625,1551.080407,314.9149057,3538.550029,1418.298002,109.1392462,1830.479927,0.149104878,0.04785319,0.24194397,1.040207744,0.96627599,0.255119979,117.4538352,0.955019188,28.02184462,0.012741633,0.951100244,112515.1567,0.032706864,190.52036,21.126698,154.07692,134.99547,212.58824,76.29412,108.80995,59.47059,108.624435,102.74208,136.6199,70.049774,162.0181,165.30316,89.89593,59.791855,159.3801,161.40271,84.59276,164.93665,82.995476,231.8733,82.17194,92.99095,44.357468,177.30316,161.85521,144.46153,157.82353,150.90498,154.99095,149.7104,87.13575,135.15837,72.98643,133.25339,114.330315,144.34842,174.11765,78.66064,169.24434,150.53847,44.88688,138.89594,153.51584,143.819,123.84615,115.40272,49.97285,171.67421,170.35294,77.14932,78.96832,162.80995,83.75565,125.53846,178.41629,58.040726,60.393665,159.2715,207.13574,177.85973,70.38914,173.1629,202.0181,144.76923,176.44344,61.91403,153.33937,94.26697,133.41176,135.79185,209.11313,190.73756,85.19005,89.64253,110.466064,209.80995,162.13123,63.081448,82.19005,160.85068,175.80544,181.99095,108.57014,125.34842,155.76471,199.17647,161.17195,98.47059,87.66064,72.33484,142.13574,223.10406,95.38461,174.70135,57.04525,71.22172,221.11313,108.82806,213.29411,77.43891,172.7285,77.22172,25.524887,219.62895,144.95476,211.82353,169.57013,199.0905,100.39819,230.71494,54.683258,144.9819,143.35747,121.08145,166.63348,143.44797,79.70588,128.62895,209.28055,144.40724,155.64706,130.50226,235.14932,99.97738,77.08145,255,0.068737164,23.7599551,67,3.46
Is It Over Now_ (Taylor's Version) (From The Vault).wav,8,99.38401442,48,0.793084025,1.116924047,54.67458344,211.5825195,1145.422959,331.5033938,2102.536144,1274.512623,201.7141722,1779.119896,0.128598139,0.022773182,0.192837656,1.119777203,0.91710335,0.235645935,99.38401442,0.965681915,27.57567484,0.010145059,0.843273232,98369.36815,0.027771492,186.08197,19.434425,157.61885,123.922134,207.54099,64.81967,128.30328,84.13934,112.06148,111.22951,140.97131,74.315575,155.39754,170.40164,92.12705,92.77459,150.70493,147.55737,101.21311,166.2418,56.856556,223.90573,90.491806,88.22951,63.05328,147.06967,166.21721,162.86066,154.84016,155.25,137.2582,124.934425,91.803276,124.70492,70.94262,128.04099,141.86885,108.590164,155.5082,100.159836,148.41394,178.12704,53.991802,157.42213,155.64754,149.84016,120.52459,106.79918,75.016396,172.55737,171.06557,66.13115,103.22541,154.87296,118.31967,135.03279,171.2377,34.918034,104.37295,161.61476,168.39345,171.59016,53.729507,148.96312,202.86885,175,181.04918,97.13525,149.5082,99.13115,114.88525,147.63524,215.2459,180.7295,83.71311,102.85656,123.40164,193.4754,159.13524,81.258194,113.10246,178.84836,172.14754,169.12704,106.909836,131.0123,163.0205,194.29918,137.94672,99.21722,64.233604,95.62705,157.78279,197.20082,112.540985,162.7254,79.959015,55.967213,186.4918,127.184425,225.31967,94.57377,178.86476,117.40164,60.885246,208.38115,108.659836,193.12704,171.17213,163.55328,100.11066,211.63934,50.663933,136.38115,171.18033,99.741806,163.93852,130.34836,64.84426,109.22131,190.86885,129.43033,115.86066,112.491806,238.41803,79.31148,69.47541,255,0.068398342,27.51464514,76,3.82
New Romantics (Taylor's Version).wav,9,123.046875,59,0.750788808,-2.659351587,41.769104,134.6042633,1678.155182,345.4849662,2510.131311,1491.241836,142.9375799,1889.029108,0.120643571,0.044384524,0.220025599,1.120897293,0.924961269,0.384246916,123.046875,0.973018675,102.3602386,0.013260249,0.869169511,92665.33742,0.027887484,187.23265,19.469387,145.61633,125.74694,216.50612,83.79592,98.27755,71.23673,118.314285,117.6,160.77959,70.3551,155.40408,165.31429,78.29796,50.946938,175.5551,155.91837,95.106125,155.7306,82.66939,236.3755,84.53469,89.963264,49.595917,175.05714,186.9796,135.21632,151.68979,147.46123,142.49388,127.85306,94.60408,121.75102,80,153.71837,115.38776,131.23674,152.8449,81.87347,138.03673,164.78368,73.71429,142.61224,129.95918,127.03265,140.54286,127.23265,52.636734,175.52654,169.75919,84.665306,123.893875,134.20409,96.44082,106.60816,176.08163,43.216328,83.081635,148.44897,197.86938,132.70204,98.9102,176.48572,195.85715,161.8204,184.9102,66.05306,154.83673,107.5551,141.78368,115.76735,207.1755,180.22858,94.94694,125.893875,112.23265,198.42448,155.19183,77.38776,97.26939,180.86531,176.25714,150.0898,107.16734,128.27347,165.8898,205.14694,149.76735,140.71428,68.220406,76.70612,145.11429,185.36734,73.734695,153.74693,50.379593,82.95918,229.13878,123.57959,215.38776,57.269386,149.20409,64.88571,49.77959,225.07347,168.52654,240.33878,189.73877,206.86122,138.86531,210.79591,78.640816,137.93062,124.408165,119.14286,131.40816,147.27756,75.86122,124.08572,200.8204,172.42448,126.24898,119.92653,237.70612,53.97551,69.20408,255,0.065131985,14.61368445,73,3.84
Now That We Don't Talk (Taylor's Version) (From The Vault).wav,10,112.3471467,52,0.958461106,-1.48736763,64.04813385,143.3973236,1166.768193,299.9627266,2052.912246,1302.506128,190.1937235,1954.032296,0.100233354,0.037011389,0.186240375,1.003608942,0.894163847,0.1948504,109.9567819,0.974718957,104.4479617,0.010946797,0.950191571,133058.3568,0.043105155,186.40764,19.43312,161.38217,116.8344,216.08917,97.05733,116.23567,83.821655,121.52229,134.94267,161.15286,99.73248,154.6051,164.35031,95.0637,56.407642,155.47134,156.67516,122.394905,168.38217,55.127388,198.0191,83.0637,74.248405,59.382164,133.7707,190.20383,187.71338,147.7707,150.19109,126.324844,138.15286,93.63057,133.64331,99.592354,150.54778,102.52866,129.93631,159.38853,132.32484,137.54778,175.90446,75.541405,144.05733,163.45222,159.8726,111.974525,118.8344,67.71974,159.72612,151.17198,74.05096,103.85987,151.80255,106.248405,96.751595,160.40764,26.802547,121.52866,176.64969,203.28662,162.293,44.35032,147.0191,210.0191,177.43948,172.02548,74.6879,164.63695,93.78344,139.17198,151.9809,231.8726,164.64331,77.54777,124.80255,130.25478,214.72612,104.71974,88.57962,117.382164,164.08281,205.17834,152.91083,123.401276,157.57324,153.293,198.17198,141.04459,100.15923,73.242035,111.87261,135.18471,214.34395,73.66879,171.15924,61.089172,65.35032,215.80891,120.07643,219.03822,113.26115,150.5414,59.31847,55.0828,230.50319,119.6879,231.08281,214.49681,166.03185,54.77707,193.07643,39.23567,92.8344,172.43948,136.77707,104.42675,123.6879,80.0828,88.85987,163.57962,126.57962,98.73248,101.242035,211.26752,74.45223,35.191082,255,0.055260986,12.03511139,76,2.44
Out Of The Woods (Taylor's Version).wav,11,92.28515625,45,0.721850812,1.266623855,43.61526108,126.2567749,1394.061082,230.9005758,2081.266421,1392.291734,106.9359459,1929.101061,0.132100031,0.031716503,0.211943805,1.02338016,0.954598725,0.256778002,92.28515625,0.976149803,18.85983974,0.009764045,0.903790087,73296.70104,0.024686409,185.38248,21.70518,148.80478,136.9522,216.0757,64.91235,102.24303,79.258965,117.86056,128.72908,137.75697,77.11554,153.56972,145.7251,97.9004,65.67729,147.27888,137.32271,105.05976,163.54582,63.358566,223.33466,86.749,78.896416,68.11952,164.21513,152.89243,145.68526,150.502,165.98009,148.79283,137.91235,101.780876,133.81673,74.73705,137.50996,128.72112,127.63347,152.80876,85.007965,146.74901,168.99602,35.370518,140.83267,131.75299,143.58566,111.36255,113.123505,63.103584,169.55777,164.97609,99.06374,88.71315,166.66534,102.40637,126.80478,157.33466,35.99203,90.896416,152.34264,196.9243,135.05179,82.22709,166.49402,179.91235,161.3984,171.11156,70.03984,155.4263,90.73705,142.54582,159.17131,207.65338,196.69322,82.9004,137.0757,119.98406,186.39442,163.70518,91.98008,100.86454,185.88048,129.93625,159.57768,86.94422,120.00398,168.49402,195.14343,135.65338,96.90438,71.32669,94.12749,143.10359,206.57768,87.03586,183.5737,75.219124,81.9761,197.90837,108.33068,228.47012,115.494026,145.10757,104.93626,48.56972,215.85258,117.780876,177.38248,177.79283,183.74104,117.60956,221.88048,75.62948,145.78088,141.5259,101.08765,164.59761,166.61752,58.326694,100.30279,186.48207,157.11952,144.27888,143.0478,231.0996,122.33466,82.26295,255,0.069092065,39.76466324,73,3.93
Say Don't Go (Taylor's Version) (From The Vault).wav,12,73.828125,37,0.72302562,-6.210142136,71.85228729,155.815918,994.2079428,260.2466754,2121.786667,1137.816196,144.028763,1687.745252,0.096365474,0.045380764,0.192102998,0.932982922,0.937424302,0.241810173,109.9567819,0.961238227,133.0590011,0.00895291,0.856589147,78181.34288,0.021272691,188.67677,21.255892,163.72728,126.3165,210.90573,65.96633,131.90909,89.3367,95.579124,98.9798,149.98653,69.45792,178.11447,171.54208,88.377106,81.11448,150.00337,149.85185,96.05051,174.48148,72.90572,213.57239,82.60269,79.81481,53.131313,136.3468,171.99663,161.28957,163.20538,140,139.46465,142.43434,86.828285,127.367004,58.811447,117.57239,128.60606,135.20203,162.46465,115.92593,144.59259,175.50505,55.81818,151.16498,173.38383,143.50842,116.54208,111.45118,59.808083,176.9798,172.13132,60.70707,84.83165,169.76431,93.23232,149.9495,173.73738,28.535353,96.003365,161.27272,190.45454,182.75421,43.49158,129.58249,207.44107,163.51515,166.79124,103.37037,141.69698,56.42761,104.02357,172.69698,222.0101,183.87206,97.508415,90.28283,121.74074,192.15825,156.14478,83.09428,111.23906,167.09091,170.93266,152.84848,99.92256,136.3771,143.15152,196.87543,146.03368,77.35017,43.39394,82.42761,148.75084,213.47812,91.3266,154.49495,100.888885,57.37037,176.41751,91.02694,237.73064,109.57239,195.97307,137.04713,46.0101,210.3165,116.19529,199.28282,180.47137,195.84848,88.71717,222.0303,59.286194,144.6633,157.93266,121.757576,174.30302,112.383835,46.22896,87.06734,226.81482,128.41751,163.59259,96.208755,239.56566,77.59933,48.00337,255,0.059050277,28.36182644,73,4.66
Shake It Off (Taylor's Version).wav,13,161.4990234,73,0.856974721,-0.326746315,42.33824921,90.15252686,1607.510637,312.1437543,2829.68309,1414.454314,135.2300199,1900.119319,0.136466518,0.037586339,0.221950009,1.064859986,0.871579051,0.242903367,79.50721154,0.973768291,123.6229063,0.019428408,0.953386104,127932.557,0.024736872,190.77254,19.566525,153.18456,137.6309,211.74678,89.08154,104.02146,64.80687,119.90558,119.61803,121.93991,72.090126,177.24034,132.88841,77.8412,70.6309,144.27898,151.6352,116.93562,177.4721,55.3691,222.48068,102.36051,77.922745,60.751072,175.03004,157.96138,145.33047,150.20601,144.24893,129.75537,168.42918,113.75966,145.81116,74.75966,127.54507,134.38197,124.85837,174.90987,76.62661,170.0558,157.78111,35.527897,146.22318,163.90987,129.1588,99.429184,100.55365,36.44206,145.43777,148.81116,77.93133,89.55794,172.96996,72.90558,122.06009,165.11588,53.785408,67.596565,185.17168,214.8498,154.22318,71.20601,182.85408,203.22318,146.42918,204.75966,59.356224,138.92274,112.30901,128.34764,137.88412,202.3176,174.46352,90.30472,130.87982,98.875534,227.8412,157.3734,74.00858,67.43348,198.14163,190.32188,188.30043,74.175964,132.59657,154.4764,213.43777,172.14163,126.76395,86.75966,82.93133,139.03433,209.19742,94.8455,200.6352,29.309013,57.74678,223.12018,109.74678,202.14592,64.283264,148.70816,86.03863,24.62661,209.5322,121.017166,207.66095,193.66524,169.03862,97.07296,229.38197,61.87983,126.96567,106.56223,115.04721,165.51932,163.18884,78.48069,146.65665,158.64378,169.87125,141.91417,151.22746,226.59227,93.004295,110.95279,255,0.069380753,38.66600125,73,3.65
Style (Taylor's Version).wav,14,95.703125,44,0.911433637,1.87615633,50.505867,135.8557434,1149.071769,238.8075612,1878.82704,1346.403879,146.9170223,1755.830274,0.154940665,0.021870943,0.21211645,0.953595817,0.896240532,0.257790536,95.703125,0.947015742,80.82999612,0.01263711,0.430555556,86152.04908,0.027027205,190,16.048979,143.61633,125.36735,211.27347,85.01633,119.95102,80.32653,122.55102,114.661224,137.99593,73.88163,165.68979,168.1796,81.457146,73.50204,160.7347,152.58775,93.52653,147.00407,56.808163,236.05305,93.4,96.265305,57.408165,139.4449,173.2898,151.30205,150.67755,141.2,143.19592,144.14694,106.26122,123.87755,74.16327,145.66531,120.72653,118.338776,175.70204,91.82041,151.83673,187.51837,53.27755,157.10204,133.68571,157.12245,106.92653,114.64898,54.97959,148.11836,162.09796,92.46531,112.24898,176.37143,108.00408,106.53061,159.48979,44.791836,82.97959,172.23674,183.05305,162.6245,87.8,197.65715,194.97551,181.63673,165.21632,66.99592,164.57959,113.06939,132.0204,133.90204,217.40408,186.83673,64.734695,105.710205,134.83673,212.49388,161.4449,75.46123,110.79184,201.2653,217.67346,177.8898,98.82041,164.6245,181.32654,219.38776,153.49796,113.20816,100.62449,86.89796,158.51021,203.43265,82.76327,174.50612,62.29796,30.951021,216.13062,120.97959,185,60.506123,165.0898,57.22449,70.963264,228.80817,155.08571,214.90613,177.21225,163.59184,70.37143,217.99184,90.06531,99.53061,177.41225,122.057144,143.07347,127.66939,87.07755,136.50204,184.75919,198.71428,75.29796,113.75102,214.25714,68.09796,55.62449,255,0.083447486,14.13965807,78,3.85
Suburban Legends (Taylor's Version) (From The Vault).wav,15,117.4538352,60,0.802443266,-1.069615364,52.77932739,177.9023895,1173.651992,226.784757,2069.401843,1250.134179,133.314367,1832.161039,0.123086251,0.02936735,0.203283206,1.216475248,0.941159904,0.182850093,117.4538352,0.954544578,37.95525331,0.014856108,0.582352941,138249.7362,0.036148038,189.39674,18.85326,162.20108,119.527176,213.08153,98.79891,126.20652,85.58152,120.36413,112.61957,155.58153,92.059784,154.22826,185.48369,82.40761,75.61957,154.09239,165.59239,104.603264,169.90218,54.010868,229.64131,80.429344,95.804344,51.83152,142.71196,190.07065,169.96739,148.71739,135.30978,138.04347,155.28261,92.34239,132.84782,91.304344,134.43478,129.06522,137.46196,182.07608,109.61957,160.55435,184.98369,65.88043,159.07065,163.46196,161.20108,121.554344,125.96739,76.13587,167.46739,163.86957,54.842392,99.695656,171.23369,113.065216,120.66304,165.15761,36.233696,116.57609,172.16847,195.80978,168.52718,55.358696,174.90218,206.54347,178.80978,181.57065,88.983696,172.67392,80.146736,129.33153,164.78804,219.92392,189.96196,71.271736,109.51087,132.70108,206.18478,115.434784,63.994564,113.86957,183.51086,180.45653,152.78261,106.125,162.28261,141.01631,190.84782,144.88043,99.152176,80.28261,110.902176,149.80435,210.13043,100.58696,138.60869,38.092392,44.29348,218.58153,114.521736,195.25,127.11413,176.15218,64.809784,52.02174,230.11414,155.38043,242.86957,207.28261,167.67392,69.184784,207.26631,47.184784,103.440216,174.26086,141.16847,85.99457,99.28804,92.16848,112.23913,204.69565,159.88586,75.54348,106.24457,212.82065,51.02174,30.777174,255,0.057795156,51.40313218,69,2.86
This Love (Taylor_s Version).wav,16,71.77734375,36,0.775687933,-10.46572495,64.83448792,132.1340027,1387.939677,385.5077179,2912.830114,1468.011148,168.0180412,1936.126582,0.088414051,0.032776032,0.17720516,0.992405593,0.92881918,0.386160821,71.77734375,0.924376322,51.55519656,0.008381563,0.798634812,88229.2407,0.000690598,188.9144,18.533073,163.29572,113.74319,205.66537,78.04669,144.22568,103.89494,106.27238,121.9144,143.7004,60.673153,169.49026,179.32684,91.5642,104.44747,131.20622,151.2179,101.303505,156.54475,52.984436,213.09338,81.36965,79.71595,59.4786,148.4747,170.72374,180.84047,174.56032,145.13618,121.49027,137.9572,100.52529,128.55254,58.4358,141.57977,134.08171,109.84047,147.1712,127.15953,134.70818,189.12062,44.40856,186.7432,134.36964,142.98055,130.50195,114.27238,64.61089,164.37743,155.59923,65.984436,88.63424,160.81323,122.44747,134.63425,199.8288,31.856031,143.6109,166.46692,189.14008,150.30739,44.976654,174.97276,162.3891,177.42412,169.94164,113.93385,144.90662,106.40078,96.96109,162.62646,219.67316,206.6965,98.28405,95.23346,114.52529,196.07393,147.46692,99.83658,133.36186,204.84825,169.75487,160.04669,81.45136,138.92607,151.61868,202.27237,120.859924,105.097275,80.21011,85.94942,144.01556,176.81712,73.16342,157.16731,70.4358,25.770428,170.7821,95.9572,219.85214,106.32296,180.14397,111.84047,77.70817,187.0428,135.92218,224.45525,183.92607,193.25291,91.54475,215.92607,63.40856,101.575874,154.53697,117.66537,117.94942,103.303505,40.77432,96.72373,201.56421,142.27626,114.5214,102.99222,214.19844,37.642025,77.01167,255,0.057581708,16.38906712,70,4.17
Welcome To New York (Taylor's Version).wav,17,117.4538352,52,0.928191304,0.839576125,50.2132225,143.8829041,1403.221739,312.8750801,2107.007722,1408.10716,132.9238503,1984.633347,0.13812606,0.031277515,0.226456687,1.053837538,0.908259511,0.28875792,117.4538352,0.975156379,127.7637251,0.014552675,0.965686275,114684.9816,0.029286943,189.4823,14.778761,147.34514,133.01328,207.03983,97.79204,105.64602,63.924778,132.18584,118.42036,157.69469,71.61062,171.55753,144.70354,79.40708,58.084072,150.37169,145.61063,110.358406,170.30531,65.42036,243.56195,83.12389,96.4646,67.61062,177.90707,174.61063,124.4469,172.40707,124.942474,151.20354,152.81859,100.88938,114.942474,83.08407,110.40266,135.64601,136.78319,169.5708,77.24779,162.49557,185.93805,62.20354,164.5885,169.39822,142.07965,134.35399,102.91151,65.66372,155.3938,157.19469,89.80974,92.60619,156.80531,96.41151,120.004425,166.28319,56.030975,88.62832,152.84514,205.32744,145.45132,72.38938,195.22566,204.39822,146.29646,213.67256,53.486725,140.15486,105.632744,128.92035,156.99115,203.92035,198.0708,61.827435,132.69026,126.30974,208.63274,159.71239,72.26549,96.548676,176.43805,220.68584,179.68584,85.60177,153.23451,145.55753,221.79204,176.64159,138.07523,86.78761,102.30089,124.78319,200.47787,68.20354,154.5531,37.11947,53.35398,222.40265,141.41592,182.15929,52.318584,147.25221,58.721237,39.446903,215.44247,165.4469,231.59735,197.02213,203.75221,97.057526,215.34514,97.150444,103.09292,113.39381,165.58408,111.0531,145.02655,106.38938,179.76991,188.73894,175.11948,63.99115,137.49115,223.80974,62.884956,101.168144,255,0.070195742,23.06194027,70,3.54
Wildest Dreams (Taylor's Version).wav,18,143.5546875,69,0.682125211,0.509906173,53.82141495,117.4803848,1338.759076,298.2326645,3282.792154,1347.063778,117.5114733,1823.100017,0.122395851,0.042295646,0.219807461,1.176006913,0.933726728,0.25392285,139.6748311,0.936271237,125.6418267,0.014003183,0.670870113,109926.4228,0.034298517,187.6,14.26383,137.70213,131.74893,210.3149,75.60851,109.40851,76.36596,116.47659,94.08936,164.91064,55.059574,183.4298,144.52766,83.008514,59.19149,152.08511,150.11916,103.80851,168.71915,96.55319,241.53616,97.53617,98.54468,55.229786,145.02127,176.2766,136.82979,184.10638,127.8,144.86809,144.05957,96.15319,117.88085,49.04681,130.91914,126.98298,116.6,159.08086,100.314896,146.50638,181.82979,56.157448,171.8468,116.61276,123.15319,125.46809,121.19575,65.76596,162.20851,171.69362,93.9234,135.97873,138.10213,86.84681,131.51064,159.21277,29.595745,84.06383,143.29361,176.9234,145.79575,76.86383,178.78723,194.27234,162.9617,194.53192,76.76596,112.008514,108.39149,122.66808,165.97873,206.05531,178.31064,62.05532,114.893616,147.61702,168.55319,189.70213,69.49787,84.81277,186.65106,226.32765,137.06383,87.44681,158.20425,152.26382,233.97021,163.26382,140.38724,44.18298,71.84255,145.25957,183.44681,58.923405,119.53191,93.587234,61.885105,221.31064,112.19575,231.42554,29.259575,170.85957,93.11489,67.77447,230.62553,166.44681,225.3915,171.95319,205.74043,148.2,209.20851,146.95319,135.35745,144.5702,103.876595,177.17873,154.2383,63.242554,116.80851,194.40851,175.42554,103.302124,132.19574,245.75745,86.05106,74.79149,255,0.060411066,16.78401227,78,3.67
Wonderland (Taylor's Version).wav,19,92.28515625,45,0.810990274,-3.00612545,48.08661652,99.51287079,1611.196887,256.342633,2587.554713,1501.688128,124.1953791,1925.958795,0.122429639,0.045904417,0.229340941,0.986222327,0.940883398,0.245186463,123.046875,0.905200798,102.6371143,0.010919763,0.321253673,106065.0751,0.02560295,188.52107,17.318008,147.4253,133.7931,206.5977,73.77012,107.22988,68.574715,111.413795,98.21839,139.56705,56.363983,171.9272,157.48276,80.55173,61.91954,152.29118,152.03065,104.39847,153.22989,85.27586,242.41762,91.24521,95.17625,48.471264,173.34866,166.58238,133.44061,177.65134,137.31801,135.89272,144.34866,103.47127,121.38314,63.16092,135.33333,126.425285,117.67816,159.93486,73,154.57088,169.7203,48.05364,150.75479,123.83525,130.17241,127.59387,126,60.452106,152.82759,175.06514,86.64368,116.14942,136.44444,94.44827,120.89655,176.82376,37.800766,78.5249,160.12643,190.61302,129.21838,84.3295,189.0498,179.0728,152.26437,188.29501,77.950195,130.64368,121.09962,128.03065,134.34483,192.43678,180.3295,72.5364,107.965515,132.4253,190.29884,176.49808,78.0115,71.21456,176.82759,184.0498,165.05363,82.203064,119.18008,161.09195,220.58621,162.69348,138.32567,75.804596,61.94636,148.78928,165.83908,94.82758,147.76245,57.95402,75.961685,219.35632,129.55556,213.54407,48.827587,159.05746,78.885056,45.904213,207.58238,177.61302,219.39847,154.94637,202.98468,143.29884,202.47127,82.85824,146.33716,136.89272,113.97701,171.84291,150.29501,61.203064,142.95403,191.42146,193.98468,125.14176,147.977,223.26437,90.82375,110.36398,255,0.060525987,24.77269548,68,4.09
You Are In Love (Taylor's Version).wav,20,86.1328125,35,0.819174349,-10.98202419,67.64577484,155.1128235,1302.445284,384.360104,2782.577953,1326.266589,177.2524108,1968.110934,0.075459108,0.039011657,0.204773426,1.035867214,0.912962079,0.358762443,84.72079918,0.930025254,25.18190272,0.007124766,0.771428571,101275.2866,0.031400286,185.33922,15.568905,153.16608,119.67491,207.6219,67.65018,142.51237,101.31802,106.39576,103.39929,154.54417,59.41343,182.37102,174.50177,87.22968,95.16961,136.0318,150.93993,102.77385,157.59364,76.82686,218.45583,87.57244,78.10247,42.042404,122.201416,161.02827,167.5901,185.09894,140.9258,139.59717,141.80919,97.922264,112.25795,37.971733,127.41696,129.78445,109.69258,155.0636,127.699646,115.353355,176.0106,58.303886,167.16254,128.48056,141.72792,110.71025,120.75265,54.70318,155.00706,169.9258,80.75619,126.79152,149.81625,110.35689,140.46997,161.18729,20.618374,123.25442,157.70671,165.37456,148.6219,66.58657,144.0742,184.64664,173.68198,168.71025,109.27915,123.73852,72.89399,114.44523,183.07774,208.24028,192.97173,77.16961,87.441696,130.74559,173.46289,159.88693,77.053,118.749115,160.74911,198.71378,129.5583,80.749115,139.30742,152.9682,213.04947,140.71732,105.664314,45.236748,106.65018,151.28622,171.02827,67.08834,159.4099,105.265015,44.183746,168.6643,120.71025,231.64664,86.579506,183.9788,145.75266,69.31802,196.4735,143.91873,212.3039,175.07774,193.22968,123.54771,197.26855,85.68198,106.25442,151.93286,115.22615,182.95407,115.95053,34.73145,95.16961,214.09894,144.44524,108.28975,89.24028,233.23322,66.53004,71.35689,255,0.049456097,8.741019878,71,4.46
_Slut!_ (Taylor's Version) (From The Vault).wav,21,78.30255682,38,0.752290964,-4.99851799,67.59732819,158.0167236,1017.192751,231.6671319,2919.540628,1211.257641,151.6741844,1909.528107,0.083506249,0.028921396,0.206713453,1.171869516,0.943709016,0.252142131,156.6051136,0.970208272,59.91490759,0.007655149,0.942430704,107999.981,0.036175106,184.99481,18.658031,162.39378,118.80311,207.52332,76.9171,135.97928,92.76684,106.27461,114.80311,161.03627,85.53886,168.26425,172.82384,98.13989,76.17098,132.59586,138.6684,104.78757,170.14508,67.35751,216.03627,77.04663,88.95855,52.19689,129.32124,179.09326,183.07771,157.98445,158.96892,126.378235,142.65804,98.74612,139.16063,63.54404,131.14508,133.52332,126.331604,146.37823,132.17099,140.80312,172.01555,56.393784,179.46114,147.30052,145.88083,116.76684,133.82901,77.38342,166.96373,170.82384,73.90674,99.75648,139.5544,114.455956,134.0829,174.23834,18.31088,119.18135,167.7772,186.1658,155.71503,40.404144,131,206.23315,179.04146,167.88602,111.05181,134.93782,73.64767,114.95337,174.40933,230.88083,196.26942,76.16062,115.3057,137.97928,182.27979,146.53886,90.378235,138.47668,176.67357,180.5544,152.95337,109.96891,131.2487,129.90674,194.20726,137.69948,73.61658,68.81347,91.73575,128.81348,201.60622,79.63731,131.0829,105.89119,49.58549,165.34196,105.91192,239.87047,122.2487,178.15025,114.35233,53.569946,200.73058,125.13471,225.46632,190.30052,170.19171,90.78239,205.20207,43.222797,143.51295,178.25389,136.05699,127.89637,104.91192,65.65285,68.88083,216.84456,121.89637,127.65803,74.98446,232.63213,58.865284,51.15026,255,0.039780434,17.95574737,77,3.01
